{"cameraMode":{"drawMode":0,"name":"Shaded","section":"Shading Mode"},"sceneLighting":true,"audioPlay":false,"sceneViewState":{"m_AlwaysRefresh":false,"showFog":true,"showSkybox":true,"showFlares":true,"showImageEffects":true,"showParticleSystems":true,"showVisualEffectGraphs":true,"m_FxEnabled":false},"in2DMode":false,"pivot":{"x":1.3327680826187134,"y":-0.08726310729980469,"z":2.956580400466919},"rotation":{"x":0.20496217906475068,"y":0.07244820892810822,"z":-0.015221381559967995,"w":0.975976824760437},"size":2.6998629570007326,"orthographic":false}